,name of site,numbertimescited
10,nytimes.com,1184
4,washingtonpost.com,699
38,politico.com,348
1,bbc.com,337
116,cnn.com,337
39,reuters.com,289
1425,masslive.com,227
108,nbcnews.com,189
23,smh.com,165
60,usatoday.com,149
71,bloomberg.com,146
74,vox.com,124
64,cbsnews.com,118
45,youtube.com,110
5,latimes.com,106
118,wsj.com,100
66,foxnews.com,100
0,scientificamerican.com,95
6,britannica.com,93
373,bangkokpost.com,89
92,economist.com,89
81,huffingtonpost.com,89
76,theatlantic.com,87
115,ft.com,85
84,forbes.com,85
70,cnbc.com,85
72,huffpost.com,79
34,newscientist.com,75
216,businessinsider.com,72
11,nationalgeographic.com,69
83,politifact.com,68
35,sciencedaily.com,65
27,motherjones.com,65
33,theaustralian.com,63
278,chicagotribune.com,61
32,aljazeera.com,58
9,ecowatch.com,57
22,newsweek.com,57
253,thedailybeast.com,54
160,theglobeandmail.com,51
354,newyorker.com,51
24,theage.com,49
1878,ourcampaigns.com,43
109,bostonglobe.com,40
453,nationalreview.com,40
86,csmonitor.com,39
26,sbs.com,39
496,washingtontimes.com,38
65,usnews.com,36
361,jsonline.com,35
29,time.com,35
162,thestar.com,32
1076,plantmaps.com,32
14,smithsonianmag.com,32
89,boston.com,31
67,google.com,31
13,dw.com,31
93,msn.com,30
292,salon.com,29
356,ajc.com,29
82,rollingstone.com,29
3,nature.com,29
306,hollywoodreporter.com,28
573,dailytelegraph.com,26
52,slate.com,26
46,irishtimes.com,25
50,gallup.com,25
838,theyouthcafe.com,25
1056,oregonlive.com,24
80,thenation.com,24
55,france24.com,24
362,sfgate.com,24
113,adn.com,23
15,livescience.com,23
98,wired.com,23
1125,burlingtonfreepress.com,22
234,washingtonexaminer.com,22
73,news.com,21
127,scmp.com,21
372,nationmultimedia.com,21
566,canberratimes.com,20
763,realclearpolitics.com,19
534,nydailynews.com,19
569,mediaite.com,18
324,startribune.com,18
156,philly.com,18
219,dailysabah.com,18
590,chron.com,18
706,9news.com,18
431,facebook.com,18
532,rollcall.com,18
266,thehindu.com,17
428,straitstimes.com,17
165,denverpost.com,17
99,vice.com,17
228,euractiv.com,17
414,newstatesman.com,17
96,statista.com,16
169,msnbc.com,16
236,seattletimes.com,16
657,afr.com,16
1164,kuenselonline.com,16
126,euronews.com,15
217,hurriyetdailynews.com,15
91,sciencedirect.com,15
184,miamiherald.com,15
1900,marianne2020.com,14
43,upi.com,14
117,axios.com,14
349,voanews.com,14
624,channel4.com,14
313,channelnewsasia.com,13
1714,ktvz.com,13
37,canada.com,13
135,technologyreview.com,13
12,marketwatch.com,13
48,scribd.com,13
49,theaustralian.news.com,13
152,nationaljournal.com,13
252,jpost.com,13
572,inquirer.com,12
865,haaretz.com,12
993,bizjournals.com,12
550,iht.com,12
399,businessweek.com,12
102,wunderground.com,12
42,theverge.com,12
440,apnews.com,11
365,crikey.com,11
481,yahoo.com,11
36,space.com,11
1662,dallasnews.com,11
132,bp.com,11
584,iberianature.com,11
222,hindustantimes.com,10
1445,wcvb.com,10
258,themoscowtimes.com,10
107,charlotteobserver.com,10
1706,richmond.com,10
63,brisbanetimes.com,10
299,theyworkforyou.com,10
1553,samoanews.com,10
209,fastcompany.com,10
295,accuweather.com,10
716,irrawaddy.com,10
630,donaldjtrump.com,9
154,ibtimes.com,9
175,foreignaffairs.com,9
513,etymonline.com,9
101,popsci.com,9
148,rnzi.com,9
133,buzzfeednews.com,9
88,seattlepi.com,9
363,ens-newswire.com,9
298,conservatives.com,9
40,ted.com,9
393,routledge.com,9
749,newsobserver.com,9
17,newspapers.com,8
198,australiangeographic.com,8
517,infoplease.com,8
456,copenhagenconsensus.com,8
25,fijitimes.com,8
1068,sfchronicle.com,8
257,skynews.com,8
560,billboard.com,8
1998,greatfallstribune.com,8
245,kansascity.com,8
78,vanityfair.com,8
450,mercurynews.com,8
94,climatechangenews.com,8
2089,thenewcivilrightsmovement.com,8
201,linkedin.com,8
359,insurancejournal.com,8
404,history.com,8
391,flightglobal.com,8
997,heraldsun.com,8
980,mcclatchydc.com,8
920,thearda.com,8
673,encyclopedia.com,8
213,treehugger.com,7
1841,empireonline.com,7
157,themonthly.com,7
704,couriermail.com,7
463,worldclimate.com,7
1919,webofstories.com,7
229,oprah.com,7
1280,elnuevodia.com,7
697,houstonchronicle.com,7
1220,adelaidenow.com,7
555,dictionary.com,7
605,newindianexpress.com,7
301,buzzfeed.com,7
1610,necn.com,7
660,sciencebits.com,7
982,annualreports.com,7
1048,spokesman.com,7
627,highbeam.com,7
599,weatherbase.com,7
303,dailykos.com,6
204,elsevier.com,6
328,baltimoresun.com,6
265,news18.com,6
516,theweathernetwork.com,6
147,tuvaluislands.com,6
1426,mbta.com,6
1435,telegram.com,6
21,collinsdictionary.com,6
1202,totalpolitics.com,6
1592,minnpost.com,6
59,swissre.com,6
1620,timesofisrael.com,6
1621,bostonherald.com,6
103,sciencealert.com,6
762,washingtonblade.com,6
141,xinhuanet.com,6
748,weather.com,6
1907,publishersweekly.com,6
128,businessgreen.com,6
719,dawn.com,6
155,nybooks.com,6
615,foxbusiness.com,6
1221,thejakartapost.com,5
593,weather-atlas.com,5
586,tornadoproject.com,5
578,wiley.com,5
548,tampabay.com,5
531,businesswire.com,5
1215,engadget.com,5
1218,nst.com,5
1287,primerahora.com,5
330,physorg.com,5
1315,newsday.com,5
457,atimes.com,5
1451,ceresana.com,5
1403,conservativehome.com,5
1419,allmusic.com,5
527,courthousenews.com,5
475,adweek.com,5
1138,amazon.com,5
1092,cleveland.com,5
1664,kentucky.com,5
805,janeresture.com,5
713,mmtimes.com,5
751,amtrak.com,5
683,merriam-webster.com,5
755,indianexpress.com,5
758,advocate.com,5
641,springer.com,5
802,fifa.com,5
262,sacbee.com,5
413,tulsaworld.com,5
521,powermag.com,5
907,bwea.com,5
914,torontosun.com,5
935,todayszaman.com,5
1012,dailydot.com,5
1698,tonyabbott.com,5
1687,azcentral.com,5
817,twincities.com,5
714,ethnologue.com,5
191,(dw.com,5
77,psychologytoday.com,5
259,heraldscotland.com,5
242,imdb.com,5
31,today.com,5
195,philstar.com,5
232,esquire.com,5
215,business-standard.com,4
577,snopes.com,4
911,timescolonist.com,4
583,aa.com,4
1381,phillymag.com,4
1983,beekeeping.com,4
601,deseret.com,4
900,newsreview.com,4
339,courant.com,4
170,mdpi.com,4
337,arkansasonline.com,4
335,desmoinesregister.com,4
1219,perthnow.com,4
2134,21stcenturysciencetech.com,4
1575,royalgazette.com,4
1807,nbcchicago.com,4
690,biography.com,4
709,digitaljournal.com,4
571,deseretnews.com,4
2217,appea.com,4
364,thestate.com,4
1041,king5.com,4
1051,khq.com,4
418,int-res.com,4
220,elle.com,4
208,reddit.com,4
206,desmogblog.com,4
1479,fijilive.com,4
945,istanbul-ulasim.com,4
224,sciencefriday.com,4
203,tandfonline.com,4
1307,buildinggreen.com,4
151,moyak.com,4
114,greenbiz.com,4
933,igd.com,4
511,thefreedictionary.com,4
194,bulatlat.com,4
1369,mic.com,4
1370,bozemandailychronicle.com,4
540,thoughtco.com,4
1684,penguinrandomhouse.com,4
87,outsideonline.com,4
710,newsminer.com,4
430,vogue.com,4
832,mnn.com,4
803,pacificwrecks.com,4
1017,thecrimson.com,4
293,sandiegouniontribune.com,4
1424,massport.com,4
754,financialexpress.com,4
291,chinadaily.com,4
1408,politicshome.com,4
834,fodors.com,4
1612,sevendaysvt.com,4
1892,pressdemocrat.com,4
744,dispatch.com,4
251,itv.com,4
110,renewableenergyworld.com,4
1647,roanoke.com,4
1663,houstondynamo.com,4
721,lexico.com,4
1660,nj.com,4
145,indexmundi.com,4
307,thewrap.com,4
264,goodreads.com,4
280,firstpost.com,4
843,dowjones.com,4
1013,nationalobserver.com,4
95,asahi.com,3
800,thedomains.com,3
940,uefa.com,3
497,chicagomag.com,3
498,chicagobusiness.com,3
1299,thefiscaltimes.com,3
1065,citynews1130.com,3
134,gizmodo.com,3
125,cnet.com,3
523,ebrd.com,3
927,reutersagency.com,3
505,fresnobee.com,3
519,natlawreview.com,3
1100,santafenewmexican.com,3
2051,metro-dade.com,3
1690,app.com,3
210,koreaherald.com,3
69,rasmussenreports.com,3
1052,q13fox.com,3
2077,edmontonsun.com,3
441,glamour.com,3
442,brusselstimes.com,3
443,deccanherald.com,3
960,temizhavahakki.com,3
1332,democratandchronicle.com,3
1331,timesunion.com,3
2216,duvarenglish.com,3
1754,cyprusedirectory.com,3
1766,milwaukeemag.com,3
2064,cuadrillaresources.com,3
1760,walkscore.com,3
1509,allacademic.com,3
1060,idahostatesman.com,3
813,pina.com,3
28,bushfirecrc.com,3
476,citynewsgroup.com,3
848,emporis.com,3
808,mapsland.com,3
836,dezeen.com,3
786,spaceref.com,3
558,mlive.com,3
1779,thepoliticalguide.com,3
778,mwdh2o.com,3
1087,westword.com,3
144,thelancet.com,3
1088,outtherecolorado.com,3
643,guinnessworldrecords.com,3
1658,ksl.com,3
644,ahdictionary.com,3
1574,arbuthnotgroup.com,3
1216,iflscience.com,3
167,livemint.com,3
1611,tabletmag.com,3
740,post-gazette.com,3
889,ultimateungulate.com,3
678,nzgeo.com,3
681,oed.com,3
688,mongabay.com,3
1667,ksbw.com,3
1810,kfvs12.com,3
1192,clarionledger.com,3
1920,the-scientist.com,3
158,hindu.com,3
153,exxonmobilperspectives.com,3
1614,refinery29.com,3
1232,dailyadvertiser.com,3
621,deadline.com,3
2195,khaosodenglish.com,3
1276,caribbeanbusinesspr.com,3
1875,defensenews.com,3
775,chicoer.com,3
2007,santacruzsentinel.com,3
916,greenland.com,3
1264,webmd.com,3
564,catholicnewsagency.com,3
1112,lonelyplanet.com,3
1261,icis.com,3
139,al-monitor.com,3
142,worldatlas.com,3
1617,geni.com,3
1551,irishexaminer.com,3
588,nationsencyclopedia.com,3
1250,macleayargus.com,3
177,palmbeachpost.com,3
1657,newson6.com,3
1240,watoday.com,3
616,mediabistro.com,3
618,multichannel.com,3
1792,mysanantonio.com,3
1712,13newsnow.com,3
981,ogj.com,3
250,spglobal.com,3
317,vernonrive.com,3
296,devex.com,3
16,thefreelibrary.com,3
1418,masssave.com,3
1358,nypost.com,3
409,amny.com,3
1707,register-herald.com,3
1417,nfl.com,3
1391,zdnet.com,3
367,washingtonian.com,3
402,airbus.com,3
2223,infobae.com,3
1413,cityam.com,3
300,stabilisation2005.com,3
1394,techdirt.com,3
998,marineinsight.com,3
1478,timeanddate.com,3
1043,kgw.com,3
2106,myrockymountainpark.com,3
2140,herald-dispatch.com,3
275,greencarcongress.com,3
308,lanacion.com,3
1728,charliebaker2010.com,3
7,triplepundit.com,3
343,stocktongov.com,3
1431,irishcentral.com,3
1386,sbnation.com,3
226,investopedia.com,3
230,takepart.com,3
1389,nba.com,3
421,opinionjournal.com,3
1402,indy100.com,3
309,clarin.com,3
2176,protocol.com,3
1462,heraldtribune.com,3
268,telegraphindia.com,3
379,jacobinmag.com,3
972,sun-sentinel.com,3
326,taiwannews.com,3
315,citylab.com,3
415,weeklystandard.com,3
692,kansas.com,2
1668,fortbendstar.com,2
1926,monmouthcountyparks.com,2
693,scotusblog.com,2
322,jb.com,2
1928,monmouthpark.com,2
691,ingentaconnect.com,2
1229,bnhcrc.com,2
1591,christianpost.com,2
1098,statemaster.com,2
150,thesinkingoftuvalu.com,2
715,indiewire.com,2
244,al.com,2
1914,thecut.com,2
869,americanchemistry.com,2
1004,saildrone.com,2
1665,tennessean.com,2
1666,news-sentinel.com,2
696,ksby.com,2
1811,jbpritzker.com,2
702,measuredhs.com,2
318,inuitcircumpolar.com,2
1588,talkers.com,2
1727,thehindubusinessline.com,2
56,sciencefocus.com,2
161,thaindian.com,2
1033,railwaygazette.com,2
1937,courier-tribune.com,2
1930,mtv.com,2
1022,standwithus.com,2
1955,phillyvoice.com,2
648,slb.com,2
2239,glomis.com,2
646,abqjournal.com,2
1957,nbcphiladelphia.com,2
1730,patriotledger.com,2
338,wildlifearkansas.com,2
1797,financialpost.com,2
640,deccanchronicle.com,2
2238,walkthroughindia.com,2
639,expressindia.com,2
638,india.com,2
1796,americanbanker.com,2
1960,ktuu.com,2
1961,sctimes.com,2
1963,frontiersman.com,2
632,winnipegfreepress.com,2
1226,begadistrictnews.com,2
650,offshore-environment.com,2
1392,themandarin.com,2
1034,grinningplanet.com,2
1938,wral.com,2
325,taipeitimes.com,2
1201,shropshirestar.com,2
679,lowenz.com,2
1805,dailyherald.com,2
675,newschannel5.com,2
1205,inquisitr.com,2
1802,desmog.com,2
718,novinite.com,2
1939,citizen-times.com,2
1950,snoasisconcern.com,2
883,eregulations.com,2
1941,journalnow.com,2
885,deerassociation.com,2
886,outdoorlife.com,2
1800,euromoney.com,2
662,gmi-mr.com,2
890,desertusa.com,2
2175,ecommercetimes.com,2
1101,city-data.com,2
862,rbth.com,2
149,thuletuvalu.com,2
1629,marketwire.com,2
1117,mendeley.com,2
1866,alexa.com,2
1147,pressherald.com,2
789,africanews.com,2
1831,chinadailyhk.com,2
1149,capecodtimes.com,2
281,efinancialnews.com,2
785,weatherbell.com,2
282,osler.com,2
799,sandandgravel.com,2
781,irwd.com,2
1627,connorcourt.com,2
1874,pennlive.com,2
1710,styleweekly.com,2
1014,inc.com,2
776,newsdeeply.com,2
774,inverse.com,2
849,railway-technology.com,2
1861,complex.com,2
1016,theamericanconservative.com,2
850,totaltele.com,2
818,lakesuperior.com,2
1842,observer.com,2
1843,ew.com,2
1126,reformer.com,2
1127,vermontproperty.com,2
831,rewildingeurope.com,2
1129,vermontdairy.com,2
820,produccion-animal.com,2
1130,nbcolympics.com,2
833,maritime-executive.com,2
804,traveller.com,2
269,climatechangepost.com,2
812,sunshinecoastdaily.com,2
1134,floridatoday.com,2
1646,sciencetimes.com,2
1136,forest2market.com,2
1432,oxforddnb.com,2
1716,10news.com,2
273,currentresults.com,2
1877,edmarkey.com,2
770,lgbtqnation.com,2
1184,world-waterfalls.com,2
1456,fertilizerseurope.com,2
305,eonline.com,2
1895,abcactionnews.com,2
738,therecord.com,2
1896,orlandosentinel.com,2
1659,texas-drilling.com,2
1723,financialsocialwork.com,2
1661,ksat.com,2
1901,marianneforcongress.com,2
1104,rechargenews.com,2
742,ogimet.com,2
1179,statoids.com,2
1031,stripes.com,2
124,nsenergybusiness.com,2
79,counterhate.com,2
1909,beliefnet.com,2
1601,arup.com,2
1911,lamag.com,2
311,saveur.com,2
1172,ippmedia.com,2
1405,tatler.com,2
1654,kcra.com,2
760,infoworld.com,2
1655,espn.com,2
767,lmtonline.com,2
766,militarytimes.com,2
1622,avclub.com,2
287,skepticalscience.com,2
137,kiplinger.com,2
61,zmescience.com,2
1656,wlox.com,2
1618,rawstory.com,2
2225,clickondetroit.com,2
289,strategicforesight.com,2
1163,discovermagazine.com,2
855,mercer.com,2
2150,2gb.com,2
1615,wmur.com,2
143,enn.com,2
248,wionews.com,2
1029,estadao.com,2
995,upstreamonline.com,2
1273,proyectosalonhogar.com,2
1674,mbdenergy.com,2
504,timesdaily.com,2
524,11alive.com,2
2109,canadian-forests.com,2
1737,metrowestdailynews.com,2
928,ynetnews.com,2
1070,wweek.com,2
2027,variety.com,2
197,hindawi.com,2
199,iberdrola.com,2
930,fundinguniverse.com,2
1530,hollandtrade.com,2
90,thecommentator.com,2
2105,mountainproject.com,2
386,nasdaq.com,2
1295,elvocero.com,2
508,tcsdaily.com,2
1771,tmj4.com,2
1067,meteomedia.com,2
970,londonmercury.com,2
1285,starherald.com,2
985,fool.com,2
1038,bellinghamherald.com,2
2116,thepunch.com,2
830,aguanomics.com,2
2012,lowtechmagazine.com,2
1275,noticel.com,2
227,argusmedia.com,2
1334,nyiso.com,2
1277,vocero.com,2
2017,wm.com,2
427,afp.com,2
1074,columbian.com,2
2111,reit.com,2
1281,joc.com,2
1282,lexjuris.com,2
2191,buzzle.com,2
1073,nbcrightnow.com,2
529,thestreet.com,2
1365,com,2
503,extremescience.com,2
988,gjsentinel.com,2
444,kiro7.com,2
1062,reddeeradvocate.com,2
2095,hongkongfp.com,2
1764,milwaukeemagazine.com,2
2093,proceso.com,2
948,hurriyet.com,2
471,thisdaylive.com,2
470,egypttoday.com,2
406,theworldcounts.com,2
1054,statesmanjournal.com,2
412,science20.com,2
1044,kamloopsthisweek.com,2
1322,tourismoperators.reefhq.com,2
465,sabcnews.com,2
2060,gwrsystem.com,2
1484,new-guinea-tribal-arts.com,2
1758,packers.com,2
1046,idahopress.com,2
1477,airportsfiji.com,2
1745,vestas.com,2
483,zurieloduwole.com,2
1304,questia.com,2
416,mcall.com,2
936,levantineheritage.com,2
389,surfline.com,2
446,prnewswire.com,2
1472,washingtoncitypaper.com,2
1362,syracuse.com,2
939,rsssf.com,2
493,sptimes.com,2
485,lemauricien.com,2
1305,proximityhotel.com,2
1306,archdaily.com,2
2071,almasdarnews.com,2
2044,thevigilanteband.com,2
1519,inside-munich.com,2
2069,bamco.com,2
486,stubhubcenter.com,2
1373,people.com,2
1540,bayjournal.com,2
190,curbed.com,2
1786,foodsafetymagazine.com,2
603,newsociety.com,2
432,ndtv.com,2
905,answers.com,2
350,ktva.com,2
1383,nbcboston.com,2
906,bartleby.com,2
1556,frommers.com,2
597,centrometeo.com,2
123,msnbc.msn.com,2
1248,tatimes.com,2
594,centrometeolombardo.com,2
1382,delawareonline.com,2
1249,foxsports.com,2
422,reason.com,2
1787,bendbulletin.com,2
551,efe.com,2
355,exxonmobil.com,2
1559,staradvertiser.com,2
1242,illawarramercury.com,2
1980,uschamber.com,2
617,theatlanticwire.com,2
2082,jornada.com,2
967,claverton-energy.com,2
622,commentarymagazine.com,2
1731,bostonmagazine.com,2
346,arnoldporter.com,2
1971,ocregister.com,2
347,climatecasechart.com,2
1458,almanacnews.com,2
1241,gulfnews.com,2
901,weeklytimesnow.com,2
1236,2ftheaustralian.com,2
1973,greenbaypressgazette.com,2
1343,accessgenealogy.com,2
903,dailyprogress.com,2
1977,queerty.com,2
240,gamespot.com,2
1989,americanbeejournal.com,2
589,khaleejtimes.com,2
1253,portnews.com,2
1682,oxfordlearnersdictionaries.com,2
1785,media.dailypennsylvanian.com,2
187,pnj.com,2
565,nola.com,2
1036,freshplaza.com,2
1999,krtv.com,2
915,producer.com,2
1734,myfoxboston.com,2
368,solarbuzz.com,2
235,gmanetwork.com,2
918,airgreenland.com,2
1268,linktopr.com,2
189,zillow.com,2
554,weather2travel.com,2
1683,krqe.com,2
961,nextbigfuture.com,2
1270,hispanicmarketinfo.com,2
233,nme.com,2
459,centralmaine.com,2
1260,theoildrum.com,2
962,dailyoilbulletin.com,2
2075,talkingpointsmemo.com,2
1732,chelsearecord.com,2
991,mrcplast.com,2
1257,hellenicshippingnews.com,2
579,rethinkx.com,2
183,architecturaldigest.com,2
1679,nippon.com,2
237,newcastleherald.com,2
963,globalccsinstitute.com,2
1994,fox9.com,2
575,harpersbazaar.com,2
1680,airitilibrary.com,2
2196,undercurrentnews.com,2
1035,itopf.com,2
1648,futurepundit.com,1
1649,aegis.com,1
2228,statnews.com,1
2226,lancastercourier.com,1
1695,heritagekonpa.com,1
1699,catholicweekly.com,1
1696,californiachronicle.com,1
1697,bkconnection.com,1
1711,hillaryclinton.com,1
1685,theactivetimes.com,1
1650,angelfire.com,1
1686,mygrandcanyonpark.com,1
1675,bairdmaritime.com,1
1676,123rf.com,1
1677,indianapoliszoo.com,1
1678,lostateminor.com,1
1673,chemsrc.com,1
1672,acdlabs.com,1
1671,boedeker.com,1
2229,sdxcentral.com,1
1670,fondriest.com,1
1669,plastic-density.com,1
1681,npshistory.com,1
1705,univision.com,1
1704,bnamericas.com,1
1703,goconqr.com,1
1651,aidsmap.com,1
1708,thetransportpolitic.com,1
1709,loudountimes.com,1
1688,grand.canyon.national-park.com,1
1702,just4growers.com,1
1689,valleynewslive.com,1
1701,antaranews.com,1
1691,wkyt.com,1
1653,srsdocs.com,1
1692,rockportpilot.com,1
1700,eurekastreet.com,1
1693,tuscaloosanews.com,1
1652,123helpme.com,1
1694,cisaustralia.com,1
2227,onlineathens.com,1
2166,marchongoogle.com,1
2230,wlky.com,1
1497,fprimec.com,1
1506,civil-engg-world.com,1
1505,daytonsuperior.com,1
1504,chinaconcretepump.com,1
1503,nbmcw.com,1
1502,cementplantequipment.com,1
1501,americanconcreteofiowa.com,1
1500,h2knowledgecentre.com,1
1499,concretenetwork.com,1
1498,understanding-cement.com,1
1496,pistehors.com,1
1508,heidelbergcement.com,1
1495,centralasia-travel.com,1
1494,abc27.com,1
1493,tripadvisor.com,1
1492,foxsportspulse.com,1
1491,janesoceania.com,1
1490,fijirugby.com,1
1489,ltafiji.com,1
1488,fiji-faqs.com,1
1487,flightcentre.com,1
1507,exxcel.com,1
1510,concreteinternational.com,1
1485,fbc.com,1
1523,mercerhr.com,1
1533,nwaonline.com,1
1532,portofrotterdam.com,1
1531,ecf.com,1
1529,holland.com,1
1528,annualreportschiphol.com,1
1527,geoexpro.com,1
1526,healthpowerhouse.com,1
1525,netherlands-tourism.com,1
1524,viamichelin.com,1
1522,spottedbylocals.com,1
1511,minifibers.com,1
1521,panaceapublishinginternational.com,1
1520,destination-munich.com,1
1518,toytowngermany.com,1
1517,thebalancesmb.com,1
1516,leighton.com,1
1515,healthyheating.com,1
1514,constructionweekonline.com,1
1513,waterpowermagazine.com,1
1512,civilology.com,1
1486,scholaro.com,1
1483,icc-cricket.com,1
1534,dutchdailynews.com,1
1442,stationindex.com,1
1450,glbtq.com,1
1449,studypoint.com,1
1448,nielsenmedia.com,1
1447,golocalworcester.com,1
1446,masssolarloan.com,1
2243,egyptindependent.com,1
2244,mangroves.godrej.com,1
1444,celebrateboston.com,1
1443,blockislandferry.com,1
1441,captjohn.com,1
1452,sqm.com,1
1440,townandcountrymag.com,1
1439,cuttyhunkferryco.com,1
1438,pgatour.com,1
1437,timeshighereducation.com,1
1436,nantucketferries.com,1
2245,getbengal.com,1
1434,matransit.com,1
1433,geographyrealm.com,1
2246,outlookindia.com,1
2242,mapsofindia.com,1
1453,regulatory-info-sc.com,1
1482,cruisesalefinder.com,1
1468,theworldweekly.com,1
1481,spse.com,1
1480,fiba.com,1
1476,asiarooms.com,1
1475,fijivillage.com,1
1474,nationmaster.com,1
1473,editorandpublisher.com,1
1471,operationsholdings.com,1
1470,signonsandiego.com,1
1469,signaturebooks.com,1
1467,connpost.com,1
1454,toledofreepress.com,1
1466,culteducation.com,1
1465,aviationtoday.com,1
1464,2janvier.com,1
1463,southcoasttoday.com,1
1461,princetoninfo.com,1
1460,securitymanagement.com,1
1459,newspaperarchives.com,1
1457,aspireboron.com,1
1455,bloombergquint.com,1
2241,gaiadiscovery.com,1
1535,consoglobe.com,1
1645,vggallery.com,1
1603,chooseenergy.com,1
1616,greenoxfordshire.com,1
1613,bustle.com,1
2234,wsls.com,1
1609,well.com,1
1608,dinofish.com,1
1607,wischik.com,1
1606,upbeacon.com,1
1605,allaboutcareers.com,1
1604,gooduniversitiesguide.com,1
1602,fishpond.com,1
1619,gq.com,1
1600,research.ibm.com,1
1599,sixtysymbols.com,1
1598,universetoday.com,1
1597,thespacereview.com,1
1596,wabcradio.com,1
1595,vulture.com,1
1594,independent.com,1
1593,usmagazine.com,1
1590,clearchannel.com,1
2233,detroitnews.com,1
2232,dtnpf.com,1
1587,wildfirenews.com,1
1636,ivanhoeaustralia.com,1
1644,cooksillustrated.com,1
1643,potatoesusa.com,1
1642,boiseweekly.com,1
1641,idahopotato.com,1
1640,potatopro.com,1
2231,newsy.com,1
1639,palgrave-journals.com,1
1638,ausimm.com,1
1637,miningweekly.com,1
1635,skeptic.com,1
1623,nnsl.com,1
1634,independentweekly.com,1
1633,nrsp.com,1
1632,niuminco.com,1
1631,silvercityminerals.com,1
1630,tntmines.com,1
1628,mining-journal.com,1
1626,kefi-minerals.com,1
1625,fox11online.com,1
1624,firstpr.com,1
1589,alan.com,1
1586,fiercebiotechresearch.com,1
1536,canto-ostinato.com,1
1548,abc2news.com,1
1560,dklevine.com,1
1558,rugbyleagueplanet.com,1
1557,usps.com,1
1555,zip-codes.com,1
1554,clipperflyingboats.com,1
2240,therakyatpost.com,1
1552,eauxglacees.com,1
1550,2firishtimes.com,1
1549,ssentinel.com,1
1547,hometownannapolis.com,1
1562,infrastructure-intelligence.com,1
1546,archaeologyincommunity.com,1
1545,proptalk.com,1
1544,insideannapolis.com,1
1543,delmarvanow.com,1
1542,themeateater.com,1
1541,somdnews.com,1
1539,pilotonline.com,1
1538,spinsheet.com,1
1537,cbbt.com,1
1561,theuknews.com,1
1563,pearsonhighered.com,1
2235,addictioncenter.com,1
1576,seaturtle-world.com,1
1585,malariasite.com,1
1584,whonamedit.com,1
1583,theodora.com,1
1582,swbooster.com,1
1581,drumhellermail.com,1
1580,tortugueroinfo.com,1
1579,newswise.com,1
1578,newsherald.com,1
1577,blufftontoday.com,1
2236,fox43.com,1
1564,yourdictionary.com,1
2237,kcrg.com,1
1573,proseawards.com,1
1571,haciendapub.com,1
1570,rightsidenews.com,1
1569,petroleumonline.com,1
1568,project-redsand.com,1
1567,americanheritage.com,1
1566,pipeline101.com,1
1565,socialsciencedictionary.com,1
1572,realclearpolicy.com,1
1832,natgeomedia.com,1
1713,progress-index.com,1
2028,setn.com,1
2037,nafi.com,1
2036,singpao.com,1
2035,accordsdepeche.com,1
2034,americanpopularculture.com,1
2033,entertainmentwise.com,1
2032,tmz.com,1
2031,cornellamerican.com,1
2030,formulatv.com,1
2189,jgpress.com,1
2029,miamipoetryreview.com,1
2026,cathnews.com,1
2015,plasticsintl.com,1
2190,lexisnexis.com,1
2025,hollywoodinterrupted.com,1
2024,hollywood.com,1
2023,tvsquad.com,1
2022,jewishaz.com,1
2021,browardpalmbeach.com,1
2020,thehoya.com,1
2192,livestrong.com,1
2019,speroforum.com,1
2018,gotreequotes.com,1
2038,agribusiness-australia.com,1
2188,tulsi2020.com,1
2039,charismanews.com,1
2040,nbc.com,1
2063,nfuonline.com,1
2062,water360.com,1
2061,theatlanticcities.com,1
2059,bv.com,1
2058,globalwaterintel.com,1
2057,ibisworld.com,1
2056,aquarec.com,1
2055,amwater.com,1
2054,northgeorgiawater.com,1
2053,clearwater-fl.com,1
2187,silive.com,1
2052,cleanwaterteam.com,1
2050,cap-az.com,1
2049,portlandonline.com,1
2048,unitedwater.com,1
2047,randomhistory.com,1
2046,dcwater.com,1
2045,ladwp.com,1
2043,elp.com,1
2042,glennbeck.com,1
2041,computerworld.com,1
2016,plastiquarian.com,1
2014,ganoksin.com,1
2065,naplesnews.com,1
1976,wfmynews2.com,1
1987,queenofthesun.com,1
1986,cosmosmagazine.com,1
1985,almonds.com,1
1984,beeculture.com,1
2201,australianvolunteers.com,1
1982,wkow.com,1
1981,uppermichiganssource.com,1
2202,chiangraitimes.com,1
1979,businessinsurance.com,1
1978,ebar.com,1
1975,wqow.com,1
2013,euroshore.com,1
1974,numbersusa.com,1
1972,nationalsecurityleaders4biden.com,1
2203,prachatai.com,1
1970,nbcnewyork.com,1
1969,theunion.com,1
2204,ab-conservation.com,1
1968,housingwire.com,1
1967,ebony.com,1
2205,jwnenergy.com,1
1966,air-dispersion.com,1
1988,planetark.com,1
2200,rapid-asia.com,1
2199,thephuketnews.com,1
1990,fosters.com,1
2011,thegreenguide.com,1
2010,bioplasticsmagazine.com,1
2009,furan.com,1
2008,santamariasun.com,1
2006,gilroydispatch.com,1
2005,montereyherald.com,1
2004,environmentalleader.com,1
2003,montereycountyweekly.com,1
2002,newtimesslo.com,1
2193,world-weather-travellers-guide.com,1
2001,kpax.com,1
2000,providencejournal.com,1
2194,infrastructurist.com,1
1997,cornwalllive.com,1
1996,inforum.com,1
1995,duluthnewstribune.com,1
2197,phuket.com,1
1993,livcomawards.com,1
1992,morethanhoneyfilm.com,1
1991,agro.basf.com,1
2198,mushroomresearchcentre.com,1
2186,graveldonorcount.com,1
2066,latinpost.com,1
1964,nativeknot.com,1
2135,jweekly.com,1
2145,coalzoom.com,1
2144,donblankenship.com,1
2143,wchstv.com,1
2142,williamsondailynews.com,1
2141,wvnews.com,1
2139,advisory.com,1
2174,legalzoom.com,1
2138,tnr.com,1
2137,philzimmermann.com,1
2136,jewishexponent.com,1
2133,nbclosangeles.com,1
2122,fox13now.com,1
2132,edmondsbeacon.com,1
2131,krem.com,1
2130,theolympian.com,1
2129,peninsuladailynews.com,1
2128,kptv.com,1
2127,koin.com,1
2126,heraldandnews.com,1
2125,stgeorgeutah.com,1
2124,desertsun.com,1
2123,sanluisobispo.com,1
2146,wvva.com,1
2173,pcworld.com,1
2147,wsaz.com,1
2172,searchengineoptimizationjournal.com,1
2165,pcmag.com,1
2168,informationweek.com,1
2164,groveatlantic.com,1
2163,hillheat.com,1
2162,ontarioparks.com,1
2161,itnews.com,1
2160,outinperth.com,1
2159,onlineopinion.com,1
2158,roymorgan.com,1
2169,bleepingcomputer.com,1
2157,emma.com,1
2156,nielsen.com,1
2155,starobserver.com,1
2154,agedcare101.com,1
2153,thesaturdaypaper.com,1
2152,theland.com,1
2151,mamamia.com,1
2170,technewsworld.com,1
2149,rms.com,1
2171,webtvwire.com,1
2148,cfnews13.com,1
2177,craveonline.com,1
2121,khou.com,1
2067,hawaiifreepress.com,1
2080,thehour.com,1
2090,libyaherald.com,1
2181,medianama.com,1
2088,truthdig.com,1
2182,linksandlaw.com,1
2087,elperiodico.com,1
2086,rosarioplus.com,1
2085,malaysiakini.com,1
2084,stamfordadvocate.com,1
2083,eluniversal.com,1
2081,milenio.com,1
2183,geek.com,1
2120,scienceabc.com,1
2079,dailytrust.com,1
2078,premiumtimesng.com,1
2076,blg.com,1
2074,toledoblade.com,1
2073,wusa9.com,1
2184,workingsolutionsnyc.com,1
2072,lawfareblog.com,1
2070,mtexpress.com,1
2185,thestarpress.com,1
2068,mauinews.com,1
2091,elsoldecuernavaca.com,1
2092,brecorder.com,1
2180,stateofdigital.com,1
2094,airforcemag.com,1
2178,webpronews.com,1
2119,tribaltribune.com,1
2118,redding.com,1
2117,stevefielding.com,1
2115,flipsnack.com,1
2114,agri-pulse.com,1
2113,ilsole24ore.com,1
2112,greendesigns.com,1
2110,brazzilmag.com,1
2108,backpacker.com,1
2107,rockymountainhikingtrails.com,1
2104,ledgertranscript.com,1
2103,rceskrecognitionevent.com,1
2102,boomerangtools.com,1
2101,railjournal.com,1
2179,rigzone.com,1
2100,melbournewater.com,1
2099,forestcarbonportal.com,1
2098,businessreviewamericalatina.com,1
2097,farminguk.com,1
2096,southeusummit.com,1
1965,alaskadispatch.com,1
1962,alaskajournal.com,1
2224,channel3000.com,1
1793,thegreenpapers.com,1
1809,jb-pritzker.com,1
1808,cookcountyclerk.com,1
1806,news-gazette.com,1
1804,townhall.com,1
1803,accessmylibrary.com,1
1801,humanevents.com,1
1799,legacy.com,1
1798,iif.com,1
1795,modernhealthcare.com,1
1794,mypalmbeachpost.com,1
1791,nrtoday.com,1
1777,fredericknewspost.com,1
1790,blueoregon.com,1
1789,kitv.com,1
1788,readwriteweb.com,1
1784,islandsbusiness.com,1
1783,newser.com,1
2218,aip.com,1
1782,elpasotimes.com,1
1781,batescoopersloanfuneralhome.com,1
2219,gorgon.com,1
1780,gilmermirror.com,1
1812,chicagojewishnews.com,1
1813,pjstar.com,1
1814,mywabashvalley.com,1
1815,thelansingjournal.com,1
1837,lw.com,1
1836,pubcowhitepapers.com,1
1835,jdsupra.com,1
1834,sullcrom.com,1
1833,chinadailyasia.com,1
2167,stateofsearch.com,1
1830,birdscreen.com,1
1829,wondermondo.com,1
1828,hakaimagazine.com,1
1827,sci-news.com,1
1826,enature.com,1
1825,chamtoday.com,1
1824,historic-uk.com,1
1823,rexresearch.com,1
1822,visualcapitalist.com,1
1821,marylandrecommendations.com,1
1820,originalsmithislandcakeco.com,1
1819,epodunk.com,1
1818,policeoracle.com,1
1817,insidephilanthropy.com,1
1816,wifr.com,1
1778,dallasobserver.com,1
1776,kltv.com,1
1839,theweek.com,1
2222,airpano.com,1
1743,sundayherald.com,1
1742,modvion.com,1
1741,arimaa.com,1
1740,tantrix.com,1
1739,crcpress.com,1
2221,plantzafrica.com,1
1738,daily-sun.com,1
1736,mvtimes.com,1
1735,dotnews.com,1
1733,whdh.com,1
1729,utilitydive.com,1
1775,bavariansoccerclub.com,1
1726,nysun.com,1
1725,tcava.com,1
1724,cair.com,1
1722,simplysharing.com,1
1721,sprol.com,1
1720,wildlifeextra.com,1
1719,arabnews.com,1
1718,americaswetlandresources.com,1
1717,news-press.com,1
1715,whsv.com,1
1744,gereports.com,1
1746,staplenews.com,1
1747,torontohydro.com,1
1748,cicuivre.com,1
1774,fox6now.com,1
1773,aosmith.com,1
1772,millerbrewing.com,1
2220,arcenergy.com,1
1770,wisbusiness.com,1
1769,morganquitno.com,1
1768,wuwm.com,1
1767,themilwaukeestreetcar.com,1
1765,ridemcts.com,1
1763,easttown.com,1
1762,rootsweb.ancestry.com,1
1761,onmilwaukee.com,1
1759,brookfieldnow.com,1
1757,maannews.com,1
1756,scotsman.com,1
1755,sudantribune.com,1
1753,edn.com,1
1752,info4fire.com,1
1751,uintacountyherald.com,1
1750,valleymorningstar.com,1
1749,windpowerengineering.com,1
1838,medscape.com,1
1840,utsandiego.com,1
1959,donyoungshistory.com,1
1916,atomicarchive.com,1
1929,barstoolsports.com,1
1927,pressofatlanticcity.com,1
1925,hmhco.com,1
1924,kirkusreviews.com,1
1923,chicagoreader.com,1
1922,user.dccnet.com,1
1921,ritholtz.com,1
2210,lasvegassun.com,1
1918,thenewatlantis.com,1
1917,dailytech.com,1
1915,laweekly.com,1
1899,greensburgdailynews.com,1
1429,normanrockwellvt.com,1
1913,freep.com,1
1912,concordmonitor.com,1
1910,losangelesblade.com,1
1908,heyalma.com,1
2211,hubbertpeak.com,1
1906,simonandschuster.com,1
1905,ctpost.com,1
1904,adze.com,1
1903,greensboro.com,1
2209,uswaternews.com,1
1931,visitnjshore.com,1
1932,seastreak.com,1
1933,ycaol.com,1
2206,stonyplainreporter.com,1
1958,persuadedmagazine.com,1
1956,thedp.com,1
1954,bloombergview.com,1
1953,foodnavigator.com,1
1952,ipsos.com,1
1951,fitday.com,1
1949,rogerebert.com,1
1948,proptiger.com,1
1947,yourtango.com,1
2207,enbridge.com,1
1946,starnewsonline.com,1
1945,blueridgenow.com,1
1944,kjonline.com,1
1943,nbcbayarea.com,1
1942,thetimesnews.com,1
1940,nashvillecitypaper.com,1
1936,jackgreenrealty.com,1
2208,platts.com,1
1935,sopranos-locations.com,1
1934,nationalregisterofhistoricplaces.com,1
1902,entrepreneur.com,1
1898,winknews.com,1
1844,caterersearch.com,1
1856,bwgreyscale.com,1
1867,eventbrite.com,1
1865,highsnobiety.com,1
1864,historicaltextarchive.com,1
1863,tomgilmore.com,1
1862,elpais.com,1
1860,billboardmusicawards.com,1
1859,rttnews.com,1
1858,eluniverso.com,1
2215,popularmechanics.com,1
1857,fosterandpartners.com,1
1855,polygon.com,1
1897,news5cleveland.com,1
1854,spin.com,1
1853,gold-eagle.com,1
1852,the-numbers.com,1
1851,fashionencyclopedia.com,1
1850,golddealer.com,1
1849,cctvcameraworld.com,1
1848,accessatlanta.com,1
1847,bellasugar.com,1
1846,eastvalleytribune.com,1
1845,theartistpablopicasso.com,1
1868,eurostar.com,1
1869,latimesmagazine.com,1
1870,rfgolds.com,1
1871,digitaltrends.com,1
1894,stuartmagazine.com,1
1893,industryleadersmagazine.com,1
1891,nationalfisherman.com,1
1890,c-ville.com,1
1889,sgvtribune.com,1
1888,algaeindustrymagazine.com,1
1887,healthline.com,1
2212,orexca.com,1
1886,natureworldnews.com,1
1885,dailypress.com,1
1884,heraldextra.com,1
1883,radarcirebon.com,1
2213,juliansimon.com,1
1882,dailyexpress.com,1
1881,nigerian-news.com,1
1880,rappler.com,1
1879,timesrecord.com,1
2214,redorbit.com,1
1876,daylight-saving-time.com,1
1873,azmirror.com,1
1872,tvtechnology.com,1
1430,steamshipauthority.com,1
1124,michellenijhuis.com,1
1428,goodenergy.com,1
607,sunraysiadaily.com,1
623,fiercevideo.com,1
620,mccokinawa.com,1
619,publicpolicypolling.com,1
614,taylorfrancis.com,1
613,filtersfast.com,1
612,thewaterpage.com,1
611,worldpulse.com,1
610,search-twincities.com-twincities.com,1
609,panafrican-med-journal.com,1
608,weatherarmidale.com,1
606,earlheinrich.com,1
626,broadcastingcable.com,1
604,rhinoresourcecenter.com,1
602,apogeephoto.com,1
600,canyonlandscompletion.com,1
598,eurometeo.com,1
596,libreriasolaris.com,1
595,snow-forecast.com,1
592,worldweatheronline.com,1
591,andrewdessler.com,1
587,publishingindia.com,1
585,islandnet.com,1
625,americablejapan.com,1
628,panglobaltvjapan.com,1
490,ghanaweb.com,1
652,commodity-trading-today.com,1
665,thewest.com,1
664,sinopecgroup.com,1
663,china-briefing.com,1
661,googleearthireland.com,1
659,ysi.com,1
658,blockadeaustralia.com,1
656,transgrid.com,1
655,businessroundtable.com,1
654,oildecline.com,1
653,oilandgasmiddleeast.com,1
651,texasmonthly.com,1
629,thenewsstar.com,1
649,total.com,1
647,constructionequipmentguide.com,1
645,nymex.com,1
642,afese.com,1
637,orissapost.com,1
636,navytimes.com,1
635,responsiblevacation.com,1
634,cruisenorway.com,1
633,tropecol.com,1
631,nexttv.com,1
582,explorecrete.com,1
581,weather2visit.com,1
580,boglewood.com,1
512,clouds-online.com,1
533,13wmaz.com,1
530,ttnews.com,1
528,ledger-enquirer.com,1
526,globalatlanta.com,1
525,just-style.com,1
522,welovecycling.com,1
520,lfpress.com,1
518,shorstmeyer.com,1
515,pmfias.com,1
514,pilotfriend.com,1
510,farmersalmanac.com,1
576,paloaltoonline.com,1
509,weatheranswer.com,1
507,lavoisier.com,1
506,lilith-ezine.com,1
502,dailyestimate.com,1
501,soliddd.com,1
500,quora.com,1
499,thomhartmann.com,1
495,cruxnow.com,1
494,vcstar.com,1
492,edition.cnn.com,1
535,springfieldnewssun.com,1
536,timesfreepress.com,1
537,times-herald.com,1
538,wrdw.com,1
574,deliveredbygrace.com,1
570,teenvogue.com,1
568,thebeggarsblog.com,1
567,pittsburghcurrent.com,1
563,indystar.com,1
562,anglicanjournal.com,1
561,redstate.com,1
559,sltrib.com,1
557,medicalnewstoday.com,1
556,weau.com,1
553,languagecrossing.com,1
552,hacienda-ecuador.com,1
549,empireoftheturtle.com,1
547,shannontech.com,1
546,coloradoan.com,1
545,libelium.com,1
544,cleanairresources.com,1
543,purakamasks.com,1
542,ewatercrc.com,1
541,safarinow.com,1
539,spacelegalissues.com,1
666,allheadlinenews.com,1
667,radiofiji.com,1
668,cardiff-cwl.airports-guides.com,1
773,devdiscourse.com,1
791,globalpolitician.com,1
790,consultsos.com,1
788,rugbyworldcup.com,1
787,energytribune.com,1
784,nation.com,1
783,pakmet.com,1
782,blackrock.com,1
780,acwa.com,1
779,poseidonwater.com,1
777,cardellawinery.com,1
772,travelsouth-america.com,1
750,wlsam.com,1
771,wibc.com,1
769,intomore.com,1
768,hightimes.com,1
765,rushlimbaugh.com,1
764,metroweekly.com,1
761,abc4.com,1
759,corpcounsel.com,1
757,tribuneindia.com,1
756,indiabook.com,1
753,rtoinsider.com,1
792,geohive.com,1
793,visualgeography.com,1
794,bradshawfoundation.com,1
795,newframe.com,1
828,environmentalistonline.com,1
827,devbusiness.com,1
826,xe.com,1
825,ushockeyhall.com,1
824,xcelenergy.com,1
823,winter-carnival.com,1
822,1stweather.com,1
821,acenologia.com,1
819,reporteplatense.com,1
816,agweek.com,1
815,bookdepository.com,1
814,journals.elsevier.com,1
811,airkiribati.com,1
810,thecgf.com,1
809,omniglot.com,1
807,hartford-hwp.com,1
806,fis.com,1
801,spantran.com,1
798,puntaweb.com,1
797,europeanbusinessreview.com,1
796,afrol.com,1
752,suntimes.com,1
747,saultstar.com,1
669,trevorharley.com,1
687,aldf.com,1
707,4bc.com,1
705,galileomovement.com,1
703,climate.conscious.com,1
701,slideboom.com,1
700,legalreader.com,1
699,greentechmedia.com,1
698,wastedive.com,1
695,marketofbusiness.com,1
694,postandcourier.com,1
689,wikihow.com,1
686,tomdispatch.com,1
746,cp24.com,1
685,orbooks.com,1
684,mysterium.com,1
682,astronomynow.com,1
680,dhakatribune.com,1
677,healthyag.com,1
676,davey.com,1
674,bartlett.com,1
672,alabamapower.com,1
671,savethefrogs.com,1
670,gardenweb.com,1
708,trails.com,1
711,thecanadianencyclopedia.com,1
712,libraryindex.com,1
717,blouinartinfo.com,1
745,myfoxny.com,1
743,macon.com,1
741,wate.com,1
739,newfoundlandlabrador.com,1
737,visitmaine.com,1
736,planetofbirds.com,1
735,lundypete.com,1
734,natgeotv.com,1
733,philatel2.com,1
732,bolpress.com,1
731,bolivialegal.com,1
730,mheducation.com,1
729,marstoday.com,1
728,beringia.com,1
727,undispatch.com,1
726,betweenonline.com,1
725,tourismburma.com,1
724,southernmyanmar.com,1
723,ttgmice.com,1
722,dragoman.com,1
720,goldenlandpages.com,1
491,thenigerianvoice.com,1
489,newera.com,1
1427,theus50.com,1
212,smallfootprintfamily.com,1
243,alreporter.com,1
241,cheatsheet.com,1
239,theaureview.com,1
238,revolvermag.com,1
231,insider.com,1
225,bettermeetsreality.com,1
223,realagriculture.com,1
221,environdec.com,1
218,financialmirror.com,1
214,synovate.com,1
211,kricccs.com,1
247,carexpert.com,1
207,jillpelto.com,1
205,susannemoser.com,1
202,genevieveguenther.com,1
200,globalfemaleleaders.com,1
196,cropscience.bayer.com,1
193,brill.com,1
192,ecomall.com,1
188,cityofpensacola.com,1
186,wptv.com,1
185,bradenton.com,1
246,montgomeryadvertiser.com,1
249,h2bulletin.com,1
488,tv360nigeria.com,1
277,planetexperts.com,1
302,funnyordie.com,1
297,guampdn.com,1
294,climateemergencyinstitute.com,1
290,sohu.com,1
288,winonadailynews.com,1
286,mckinsey.com,1
285,sciencetheearth.com,1
284,worldscinet.com,1
283,mondaq.com,1
279,2fgoogle.com,1
276,constitutionparty.com,1
254,bigissue.com,1
274,washtimes.com,1
272,thesolutionsjournal.com,1
271,thenews.com,1
270,bkwine.com,1
267,arcgis.com,1
263,insurancebusinessmag.com,1
261,co2meter.com,1
260,newplymouthnz.com,1
256,thenationalnews.com,1
255,mayerbrown.com,1
182,ecomagazine.com,1
181,sarasotamagazine.com,1
180,orlandoweekly.com,1
54,cultureuniversity.com,1
105,njspotlight.com,1
104,catlinarcticsurvey.com,1
100,arcticyearbook.com,1
97,innovations-report.com,1
85,insidehighered.com,1
75,newhope.com,1
68,montrealgazette.com,1
62,openletterfromscientists.com,1
58,environewsnigeria.com,1
57,industrytap.com,1
53,amee.com,1
179,gainesville.com,1
51,ipsosglobaltrends.com,1
47,readfearn.com,1
44,visionlearning.com,1
41,peracto.com,1
30,hobartcity.com,1
20,catherinecreed.com,1
19,searchanddiscovery.com,1
18,denisdutton.com,1
8,airportbusiness.com,1
2,maplecroft.com,1
106,bnd.com,1
111,theskimm.com,1
112,changetheclimate2020.com,1
119,reutersevents.com,1
178,floridaphoenix.com,1
176,theinvadingsea.com,1
174,indigenousclimateaction.com,1
173,elgaronline.com,1
172,expertafrica.com,1
171,ceeol.com,1
168,solomontimes.com,1
166,ogilvy.com,1
164,indiancountrytoday.com,1
163,lexology.com,1
159,huliq.com,1
146,dutchwatersector.com,1
140,everycrsreport.com,1
138,bmj.com,1
136,maersk.com,1
131,rivieramm.com,1
130,ey.com,1
129,worldfinance.com,1
122,businesspundit.com,1
121,telecomreview.com,1
120,smart-energy.com,1
304,greenproductionguide.com,1
310,hybridcars.com,1
312,louisianaweekly.com,1
426,munichre.com,1
447,romper.com,1
445,everyonegroup.com,1
439,voguescandinavia.com,1
438,ourtownny.com,1
437,showtimes.com,1
436,theportugalnews.com,1
435,moneycontrol.com,1
434,kfyrtv.com,1
433,goodthingsguy.com,1
429,mygreenpod.com,1
425,dkfindout.com,1
401,continental.com,1
424,fandc.com,1
423,iie.com,1
420,sallyweintrobe.com,1
419,meteorologyclimate.com,1
417,soilvision.com,1
411,dbcca.com,1
410,local15tv.com,1
408,iowastatedaily.com,1
407,nypress.com,1
405,aspo-usa.com,1
448,techwarrant.com,1
449,sleek-mag.com,1
451,lvmwd.com,1
452,carlsbaddesal.com,1
487,africanbusinesscentral.com,1
484,namibian.com,1
482,bellanaija.com,1
480,forbesafrica.com,1
479,jamaicaobserver.com,1
478,forbesafrique.com,1
477,dailynews.com,1
474,biguniverse.com,1
473,cnbcafrica.com,1
472,tvm.com,1
469,weather2000.com,1
468,weather-us.com,1
467,news24.com,1
466,mountainandski.com,1
464,sapeople.com,1
462,aseantoday.com,1
461,overpopulationatlas.com,1
460,sunjournal.com,1
458,carbontrust.com,1
455,cargill.com,1
454,ocwd.com,1
403,sustainablesky.com,1
400,boeing.com,1
314,borealisgroup.com,1
336,nigeria-weather.com,1
357,jpmorganchase.com,1
353,greenqueen.com,1
352,thegeniusworks.com,1
351,lloyds.com,1
348,nossaman.com,1
345,ab32ig.com,1
344,realestatelanduseandenvironmentallaw.com,1
342,martindale.com,1
341,publiclawnews.com,1
340,velaw.com,1
334,summitdaily.com,1
398,mro-network.com,1
333,tdn.com,1
332,sunherald.com,1
331,climateappraisal.com,1
329,maghrebemergent.com,1
327,nbc12.com,1
323,guaruja1.xpg.com,1
321,envolverde.com,1
320,cbmet2010.com,1
319,dm.com,1
316,lkab.com,1
358,worldfutureenergysummit.com,1
360,caranddriver.com,1
366,grandforksherald.com,1
369,aol.com,1
397,easyjet.com,1
396,harbourair.com,1
395,britishairways.com,1
394,conserve-energy-future.com,1
392,verifavia.com,1
390,theinertia.com,1
388,monbiot.com,1
387,charlierose.com,1
385,foreignpolicy.com,1
384,theafricareport.com,1
383,chemistryworld.com,1
382,dailyeasternnews.com,1
381,contagionlive.com,1
380,theonion.com,1
378,lifeworth.com,1
377,thebeaverton.com,1
376,krungsri.com,1
375,asiatimes.com,1
374,bonsucro.com,1
371,surfbirds.com,1
370,discovery.com,1
829,seeker.com,1
835,themorningbulletin.com,1
837,wlns.com,1
1225,manningrivertimes.com,1
1239,espncricinfo.com,1
1238,trthaber.com,1
1237,examiner.com,1
1235,awlnsw.com,1
1234,speedcafe.com,1
1233,fia.com,1
1231,fiveaa.com,1
1230,in2013dollars.com,1
1228,movefm.com,1
1227,lithgowmercury.com,1
1224,interaksyon.com,1
1244,wrc.com,1
1223,ntnews.com,1
1222,pennysharpe.com,1
1217,motorsport.com,1
1214,gcrpolicy.com,1
1213,findarticles.com,1
1212,dld-conference.com,1
1211,postapocalypticsurvival.com,1
1210,uncommonthought.com,1
1209,nickbostrom.com,1
1208,euroscientist.com,1
1243,beagleweekly.com,1
1245,westernadvocate.com,1
839,siasaplace.com,1
1266,vietnamtourism.com,1
1286,mcvpr.com,1
1284,gdb-pur.com,1
1283,notiuno.com,1
1279,prfaa.com,1
1278,uscannenbergmedia.com,1
1274,viahero.com,1
1272,cheverote.com,1
1271,solboricua.com,1
1269,valerosos.com,1
1267,puertoricanmusictv.com,1
1265,rwe.com,1
1246,australiandesignreview.com,1
1263,drax.com,1
1262,lazard.com,1
1259,alstom.com,1
1258,docstoc.com,1
1256,ustimes.com,1
1255,mandurahmail.com,1
1254,wellingtontimes.com,1
1252,muswellbrookchronicle.com,1
1251,ewn.com,1
1247,theleader.com,1
1207,2012finalfantasy.com,1
1206,overcomingbias.com,1
1204,legalcheek.com,1
1159,terradaily.com,1
1171,africanexecutive.com,1
1170,tanzaniasports.com,1
1169,globalpost.com,1
1168,insideedition.com,1
1167,karelprinsloo.com,1
1166,ethiopianairlines.com,1
1165,atlas.d-waste.com,1
1162,actionforex.com,1
1161,globalinsight.com,1
1160,gasandoil.com,1
1158,kyivpost.com,1
1203,personneltoday.com,1
1157,worldchanging.com,1
1156,trfetzer.com,1
1155,istoedinheiro.com,1
1154,terra.com,1
1153,canalrural.com,1
1152,coastalpoint.com,1
1151,oceano-gomera.com,1
1150,techtimes.com,1
1148,madeirawhales.com,1
1146,fishermensvoice.com,1
1173,galenfrysinger.com,1
1174,kenya-airways.com,1
1175,ijcrar.com,1
1176,archaeologicaltrs.com,1
1200,star-telegram.com,1
1199,jacksonfreepress.com,1
1198,wikitree.com,1
1197,wapt.com,1
1196,areadevelopment.com,1
1195,theawl.com,1
1194,choctawnation.com,1
1193,queenspress.com,1
1191,nathab.com,1
1190,volcanodiscovery.com,1
1189,penguins-world.com,1
1188,newzimbabwe.com,1
1187,zambiatourism.com,1
1186,livingstonetourism.com,1
1185,botswana-travel-guide.com,1
1183,abebooks.com,1
1182,findlatitudeandlongitude.com,1
1181,auricair.com,1
1180,tzbusinessnews.com,1
1178,nexans.com,1
1177,worldcargonews.com,1
1288,businessdestinations.com,1
1289,gorp.com,1
1290,llmc.com,1
1371,nyobserver.com,1
1385,thefix.com,1
1384,health2con.com,1
1380,leafly.com,1
1379,spirituality-health.com,1
1378,thefreddies.com,1
1377,abc.daytonsnewssource.com,1
1376,menshealth.com,1
1375,gazetevatan.com,1
1374,doctoroz.com,1
1372,tellyawards.com,1
1368,mensjournal.com,1
1353,rudderpg.com,1
1367,crainsnewyork.com,1
1366,sportingnews.com,1
1364,mountainkingdoms.com,1
1363,swazilive.com,1
1361,westchestermagazine.com,1
1360,lakeplacid.com,1
1359,warpaths2peacepipes.com,1
1357,potomaceconomics.com,1
1356,buffalonews.com,1
1355,cityandstateny.com,1
1387,valdostadailytimes.com,1
1388,success.com,1
1390,sophiemirabella.com,1
1393,buffalotech.com,1
1423,massvacation.com,1
1422,statisticbrain.com,1
1421,mlssoccer.com,1
1420,vineyardferries.com,1
1416,massmedic.com,1
1415,salemwitchmuseum.com,1
1414,capetrain.com,1
1412,pressreader.com,1
1411,jacobreesmogg.com,1
1410,thebookseller.com,1
1409,rossgazette.com,1
1407,trustnet.com,1
1406,professionaladviser.com,1
1404,institutionalinvestor.com,1
1401,michaelgreenstone.com,1
1400,boatnerd.com,1
1399,peninsulatownship.com,1
1398,ledgersentinel.com,1
1397,ontarioferries.com,1
1396,thecourier.com,1
1395,parliamentspeakers.com,1
1354,nycedc.com,1
1352,philippineairlines.com,1
1291,saudiaramcoworld.com,1
1309,vancouverconventioncentre.com,1
1320,slvwd.com,1
1319,businessmonitor.com,1
1318,emedia.com,1
1317,circleofasia.com,1
1316,american.com,1
1314,diablomag.com,1
1313,irell.com,1
1312,xyleco.com,1
1311,copenhagenclimatecouncil.com,1
1310,curatorialproject.com,1
1308,builderonline.com,1
1351,officespaceseeker.com,1
1303,cruisehive.com,1
1302,periodicolaperla.com,1
1301,rio2016.com,1
1300,ketv.com,1
1298,telemundopr.com,1
1297,boricuasballers.com,1
1296,portoftheamericas.com,1
1294,fullbooks.com,1
1293,tendenciaspr.com,1
1292,pharmaceuticalonline.com,1
1321,environment-prize.com,1
1323,150.theage.com,1
1324,costarica-nationalparks.com,1
1325,eltiempo.com,1
1350,nyse.com,1
1349,northjersey.com,1
1348,danspapers.com,1
1347,globalfoundries.com,1
1346,cushwake.com,1
1345,realestateindepth.com,1
1344,believermag.com,1
1342,shanghairanking.com,1
1341,law.com,1
1340,lohud.com,1
1339,mysticstamp.com,1
1338,oneidaindiannation.com,1
1337,wivb.com,1
1336,travelandleisure.com,1
1335,buffalorising.com,1
1333,broadwayleague.com,1
1330,sullivanclinton.com,1
1329,gotothinktank.com,1
1328,podchaser.com,1
1327,cafe.com,1
1326,erodingedges.com,1
1145,metlife.com,1
1144,progressiverailroading.com,1
1143,vermontbiz.com,1
929,cartacapital.com,1
946,kartal24.com,1
944,otogaristanbul.com,1
943,sozcu.com,1
942,tarihiolaylar.com,1
941,artuz.com,1
938,turktelekom.com,1
937,ido.com,1
934,cnngo.com,1
932,thomsonreuters.com,1
931,carlbernstein.com,1
926,nationaljeweler.com,1
908,ethanolproducer.com,1
925,wendyperrin.com,1
924,andrewskurth.com,1
923,worldislandinfo.com,1
922,arctictoday.com,1
921,cntraveler.com,1
919,iexplore.com,1
917,stalvik.com,1
913,canadafreepress.com,1
912,coasttocoastam.com,1
910,molten-group.com,1
947,trtworld.com,1
949,tdi.com,1
950,propin.com,1
951,europeanlemansseries.com,1
979,law360.com,1
978,india-seminar.com,1
977,nbc10.com,1
976,tuflow.com,1
975,cogsciwa.com,1
974,sunstar.com,1
973,ecology.com,1
971,materialdriven.com,1
969,debretts.com,1
968,astronomynotes.com,1
966,tececo.com,1
965,johnduke.com,1
964,pointcarbon.com,1
959,oxfordbusinessgroup.com,1
958,medyatava.com,1
957,ekathimerini.com,1
956,sabah.com,1
955,borsaistanbul.com,1
954,myforecast.com,1
953,byzantium1200.com,1
952,yenisafak.com,1
909,simplyswitch.com,1
904,azocleantech.com,1
984,energy-daily.com,1
856,planete-energies.com,1
868,coca-colacompany.com,1
867,waste360.com,1
866,afar.com,1
864,nec.com,1
863,itar-tass.com,1
861,eca-international.com,1
860,themeparx.com,1
859,moscovery.com,1
858,n1ght.com,1
857,aatccusco.com,1
854,maps-moscow.com,1
902,kpay.com,1
853,numbeo.com,1
852,go-russia.com,1
851,demographia.com,1
847,bizbash.com,1
846,wsjmediakit.com,1
845,mentalfloss.com,1
844,portfolio.com,1
842,dowjoneslmg.com,1
841,falklandislands.com,1
840,vanguardngr.com,1
870,greenmatters.com,1
871,tiranatimes.com,1
872,modernindianman.com,1
873,snewsnet.com,1
899,raremapsandbooks.com,1
898,dsloan.com,1
897,environmentbuddy.com,1
896,abs-cbnnews.com,1
895,environmental-awareness.com,1
894,explorenm.com,1
893,animalport.com,1
892,eduplace.com,1
891,alaskannature.com,1
888,islaculebra.com,1
887,ilbirds.com,1
884,whitetailsunlimited.com,1
882,wakulla.com,1
881,georgiawildlife.com,1
880,arthurgrosset.com,1
879,stowetoday.com,1
878,tvguide.com,1
877,polarbearalley.com,1
876,thearcticsounder.com,1
875,toonhound.com,1
874,plasticsnews.com,1
983,infineum.com,1
986,cspdailynews.com,1
1142,bartonchronicle.com,1
1090,rockymountainnews.com,1
1105,breakingnews.com,1
1103,palaeontologyonline.com,1
1102,richaven.com,1
1099,winemag.com,1
1097,fox21news.com,1
1096,gohunt.com,1
1095,coloradowine.com,1
1094,bonappetit.com,1
1093,colorado.com,1
1091,denverrealestatewatch.com,1
1089,thedenverchannel.com,1
1072,discoverhumboldt.com,1
1086,arapahoegov.com,1
1085,denvermagazine.com,1
1084,canoncitydailyrecord.com,1
1083,pretzelcharts.com,1
1082,centralbanking.com,1
1081,piie.com,1
1080,oyetimes.com,1
1079,managementstudyguide.com,1
1078,canadianliving.com,1
1077,trebrown.com,1
1106,melting((myswissalps.com,1
1107,hydroelectricity((nytimes.com,1
1108,afaqs.com,1
1109,islamreligion.com,1
1141,fitsugar.com,1
1140,vermontdairyfestival.com,1
1139,uslleaguetwo.com,1
1137,virtualvermont.com,1
1135,vttranslines.com,1
1133,mynbc5.com,1
1132,7dvt.com,1
1131,oursportscentral.com,1
1128,autoinsurancetips.com,1
1123,lsuagcenter.com,1
1122,finecooking.com,1
1121,nationthailand.com,1
1120,khmertimeskh.com,1
1119,cbwinfo.com,1
1118,helgilibrary.com,1
1116,thaifoodandtravel.com,1
1115,straightdope.com,1
1114,paristechreview.com,1
1113,microbiologynotes.com,1
1111,goal.com,1
1110,railwaysafrica.com,1
1075,plantdelights.com,1
1071,vicnews.com,1
987,leagle.com,1
1006,rubricon.com,1
1021,londonbookreview.com,1
1020,thecloudmystery.com,1
1019,fairviewpost.com,1
1018,helleniscope.com,1
1015,chronicle.com,1
1011,ukwhoswho.com,1
1010,coolkidsforacoolclimate.com,1
1009,spacedaily.com,1
1008,focus-economics.com,1
1007,reference.com,1
1005,hemamaps.com,1
1069,ashcroftcachecreekjournal.com,1
1003,mapsales.com,1
1002,falklandnews.com,1
1001,fissilematerials.com,1
1000,sustainabilitycentre.com,1
999,sj-r.com,1
996,ibtauris.com,1
994,exxonmobilchemical.com,1
992,scrapehero.com,1
990,mining-technology.com,1
989,hydrocarbons-technology.com,1
1023,milliontrees.com,1
1024,arktreegrowers.com,1
1025,worksafebc.com,1
1026,whitfieldforestry.com,1
1066,tri-cityherald.com,1
1064,foodandwine.com,1
1063,seafoodsource.com,1
1061,vernonmorningstar.com,1
1059,yakimaherald.com,1
1058,kxly.com,1
1057,saanichnews.com,1
1055,kbzk.com,1
1053,masstransitmag.com,1
1050,ledevoir.com,1
1049,costar.com,1
1047,2fredding.com,1
1045,idahostatejournal.com,1
1042,ifiberone.com,1
1040,salemreporter.com,1
1039,squamishchief.com,1
1037,foxweather.com,1
1032,davidrumsey.com,1
1030,eurohockey.com,1
1028,waste-management-world.com,1
1027,themanitoban.com,1
2247,civilsdaily.com,1
